{
  "monthly_issues": {
    "2022-01": 52,
    "2022-02": 47,
    "2022-03": 58,
    "2022-04": 61,
    "2022-05": 55,
    "2022-06": 63,
    "2022-07": 48,
    "2022-08": 51,
    "2022-09": 59,
    "2022-10": 66,
    "2022-11": 54,
    "2022-12": 42,
    "2023-01": 67,
    "2023-02": 58,
    "2023-03": 71,
    "2023-04": 69,
    "2023-05": 74,
    "2023-06": 62,
    "2023-07": 55,
    "2023-08": 61,
    "2023-09": 68,
    "2023-10": 76,
    "2023-11": 58,
    "2023-12": 44,
    "2024-01": 40,
    "2024-02": 37,
    "2024-03": 29,
    "2024-04": 22,
    "2024-05": 21,
    "2024-06": 19,
    "2024-07": 18,
    "2024-08": 20,
    "2024-09": 17,
    "2024-10": 16,
    "2024-11": 15,
    "2024-12": 18,
    "2025-01": 21,
    "2025-02": 24,
    "2025-03": 27,
    "2025-04": 25,
    "2025-05": 31,
    "2025-06": 28,
    "2025-07": 33,
    "2025-08": 30,
    "2025-09": 35
  },
  "monthly_prs": {
    "2022-01": 38,
    "2022-02": 35,
    "2022-03": 42,
    "2022-04": 45,
    "2022-05": 40,
    "2022-06": 47,
    "2022-07": 36,
    "2022-08": 39,
    "2022-09": 44,
    "2022-10": 50,
    "2022-11": 41,
    "2022-12": 31,
    "2023-01": 49,
    "2023-02": 43,
    "2023-03": 54,
    "2023-04": 51,
    "2023-05": 56,
    "2023-06": 46,
    "2023-07": 41,
    "2023-08": 45,
    "2023-09": 52,
    "2023-10": 58,
    "2023-11": 43,
    "2023-12": 33,
    "2024-01": 30,
    "2024-02": 27,
    "2024-03": 21,
    "2024-04": 15,
    "2024-05": 13,
    "2024-06": 12,
    "2024-07": 11,
    "2024-08": 13,
    "2024-09": 11,
    "2024-10": 10,
    "2024-11": 9,
    "2024-12": 12,
    "2025-01": 16,
    "2025-02": 18,
    "2025-03": 21,
    "2025-04": 19,
    "2025-05": 30,
    "2025-06": 25,
    "2025-07": 31,
    "2025-08": 28,
    "2025-09": 34
  },
  "close_time_days": {
    "2022-Q1": 12.4,
    "2022-Q2": 11.8,
    "2022-Q3": 14.2,
    "2022-Q4": 13.1,
    "2023-Q1": 9.8,
    "2023-Q2": 10.4,
    "2023-Q3": 11.7,
    "2023-Q4": 10.9,
    "2024-Q1": 17.3,
    "2024-Q2": 22.6,
    "2024-Q3": 28.4,
    "2024-Q4": 31.1,
    "2025-Q1": 26.4,
    "2025-Q2": 21.8,
    "2025-Q3": 19.2
  },
  "contributor_data": {
    "peak_2023": 87,
    "post_license_2024": 31,
    "end_2025": 52,
    "total_all_time": 710
  },
  "velocity_summary": {
    "avg_pre_license_issues_per_month": 57.53846153846154,
    "avg_post_license_issues_per_month": 19.5,
    "avg_recovery_issues_per_month": 28.22222222222222
  }
}